Material,125 Hz,250 Hz,500 Hz,1000 Hz,2000 Hz,4000 Hz
Rough concrete,0.02,0.03,0.03,0.03,0.04,0.07
Smooth unpainted concrete,0.01,0.01,0.02,0.02,0.02,0.05
"Smooth concrete, painted or glazed",0.01,0.01,0.01,0.02,0.02,0.02
Porous concrete blocks (no surface finish),0.05,0.05,0.05,0.08,0.14,0.2
Clinker concrete (no surface finish),0.1,0.2,0.4,0.6,0.5,0.6
Smooth brickwork with flush pointing,0.02,0.03,0.03,0.04,0.05,0.07
"Smooth brickwork with flush pointing, painted",0.01,0.01,0.02,0.02,0.02,0.02
Standard brickwork,0.05,0.04,0.02,0.04,0.05,0.05
"Brickwork, 10mm flush pointing",0.08,0.09,0.12,0.16,0.22,0.24
Lime cement plaster on masonry wall,0.02,0.02,0.03,0.04,0.05,0.05
Glaze plaster on masonry wall,0.01,0.01,0.01,0.02,0.02,0.02
Painted plaster surface on masonry wall,0.02,0.02,0.02,0.02,0.02,0.02
Plaster on masonry wall with wall paper on backing paper,0.02,0.03,0.04,0.05,0.07,0.08
Ceramic tiles with smooth surface,0.01,0.01,0.01,0.02,0.02,0.02
Breeze block,0.2,0.45,0.6,0.4,0.45,0.4
Plaster on solid wall,0.04,0.05,0.06,0.08,0.04,0.06
"Plaster, lime or gypsum on solid backing",0.03,0.03,0.02,0.03,0.04,0.05
"Plasterboard on battens, 18mm airspace with glass wool",0.3,0.2,0.15,0.05,0.05,0.05
"Plasterboard on frame, 100mm airspace",0.3,0.12,0.08,0.06,0.06,0.05
"Plasterboard on frame, 100mm airspace with glass wool",0.08,0.11,0.05,0.03,0.02,0.03
Plasterboard on 50mm battens,0.29,0.1,0.05,0.04,0.07,0.09
Plasterboard on 25mm battens,0.31,0.33,0.14,0.1,0.1,0.12
"2 x plasterboard on frame, 50mm airspace with mineral wool",0.15,0.1,0.06,0.04,0.04,0.05
Plasterboard on cellular core partition,0.15,0,0.07,0,0.04,0.05
Plasterboard on frame 100mm cavity,0.08,0.11,0.05,0.03,0.02,0.03
"Plasterboard on frame, 100mm cavity with mineral wool",0.3,0.12,0.08,0.06,0.06,0.05
"2 x 13mm plasterboard on steel frame, 50mm mineral wool in cavity, surface painted",0.15,0.01,0.06,0.04,0.04,0.05
4mm glass,0.3,0.2,0.1,0.07,0.05,0.02
6mm glass,0.1,0.06,0.04,0.03,0.02,0.02
"Double glazing, 2-3mm glass, 10mm air gap",0.15,0.05,0.03,0.03,0.02,0.02
"3-4mm plywood, 75mm cavity containing mineral wool",0.5,0.3,0.1,0.05,0.05,0.05
"5mm plywood on battens, 50mm airspace filled",0.4,0.35,0.2,0.15,0.05,0.05
12mm plywood over 50mm airgap,0.25,0.05,0.04,0.03,0.03,0.02
12mm plywood over 150mm airgap,0.28,0.08,0.07,0.07,0.09,0.09
12mm plywood over 200mm airgap containing 50mm mineral wool,0.14,0.1,0.1,0.08,0.1,0.08
12mm plywood in framework with 30mm airspace behind,0.35,0.2,0.15,0.1,0.05,0.05
12mm plywood in framework with 30mm airspace containing glass wool,0.4,0.2,0.15,0.1,0.1,0.05
"Plywood, hardwood panels over 25mm airspace on solid backing",0.3,0.2,0.15,0.1,0.1,0.05
"Plywood, hardwood panels over 25mm airspace on solid backing with absorbent material in air space",0.4,0.25,0.15,0.1,0.1,0.05
12mm wood panelling on 25mm battens,0.31,0.33,0.14,0.1,0.1,0.12
"Timber boards, 100mm wide, 10mm gaps, 500mm airspace with mineral wool",0.05,0.25,0.6,0.15,0.05,0.1
"t & g board on frame, 50mm airspace with mineral wool",0.25,0.15,0.1,0.09,0.08,0.07
16-22mm t&g wood on 50mm cavity filled with mineral wool,0.25,0.15,0.1,0.09,0.08,0.07
"Cedar, slotted and profiled on battens mineral wool in airspace",0.2,0.62,0.98,0.62,0.21,0.15
Wood boards on on joists or battens,0.15,0.2,0.1,0.1,0.1,0.1
20mm dense veneered chipboard over 100mm airgap,0.03,0.05,0.04,0.03,0.03,0.02
20mm dense veneered chipboard over 200mm airgap,0.06,0.1,0.08,0.09,0.07,0.04
20mm dense veneered chipboard over 250mm airgap containing 50mm mineral wool,0.12,0.1,0.08,0.07,0.1,0.08
"6mm wood fibre board, cavity > 100mm, empty",0.3,0.2,0.2,0.1,0.05,0.05
"22mm chipboard, 50mm cavity filled with mineral wool",0.12,0.04,0.06,0.05,0.05,0.05
Acoustic timber wall panelling,0.18,0.34,0.42,0.59,0.83,0.68
"Hardwood, mahogany",0.19,0.23,0.25,0.3,0.37,0.42
Chipboard on 16mm battens,0.2,0.25,0.2,0.2,0.15,0.2
"Chipboard on frame, 50mm airspace with mineral wool",0.12,0.04,0.06,0.05,0.05,0.05
Melamine based foam 25mm,0.09,0.22,0.54,0.76,0.88,0.93
Melamine based foam 50mm,0.18,0.56,0.96,1,1,1
Glass wool 25mm 16 kg/m3,0.12,0.28,0.55,0.71,0.74,0.83
"Glass wool 50mm, 16 kg/m3",0.17,0.45,0.8,0.89,0.97,0.94
"Glass wool 75mm, 16 kg/m3",0.3,0.69,0.94,1,1,1
"Glass wool 100mm, 16 kg/m3",0.43,0.86,1,1,1,1
"Glass wool 25mm, 24 kg/m3",0.11,0.32,0.56,0.77,0.89,0.91
"Glass wool 50mm, 24 kg/m3",0.27,0.54,0.94,1,0.96,0.96
"Glass wool 75mm, 24 kg/m3",0.28,0.79,1,1,1,1
"Glass wool 100mm, 24 kg/m3",0.46,1,1,1,1,1
"Glass wool 50mm, 33 kg/m3",0.2,0.55,1,1,1,1
"Glass wool 75mm, 33 kg/m3",0.37,0.85,1,1,1,1
"Glass wool 100mm, 33 kg/m3",0.53,0.92,1,1,1,1
"Glass wool 50mm, 48 kg/m3",0.3,0.8,1,1,1,1
"Glass wool 75mm, 48 kg/m3",0.43,0.97,1,1,1,1
"Glass wool 100mm, 48 kg/m3",0.65,1,1,1,1,1
"Rock wool 50mm, 33 kg/m3 direct to masonry",0.15,0.6,0.9,0.9,0.9,0.85
"Rock wool 100mm, 33 kg/m3 direct to masonry",0.35,0.95,0.98,0.92,0.9,0.85
"Rock wool 50mm, 60 kg/m3 direct to masonry",0.11,0.6,0.96,0.94,0.92,0.82
"Rock wool 75mm, 60 kg/m3 direct to masonry",0.34,0.95,0.98,0.82,0.87,0.86
"Rock wool 30mm, 100 kg/m3 direct to masonry",0.1,0.4,0.8,0.9,0.9,0.9
"Rock wool 30mm, 200 kg/m3 over 300mm air gap",0.4,0.75,0.9,0.8,0.9,0.85
Glass wool or mineral wool on solid backing 25mm,0.2,0,0.7,0,0.9,0.8
Glass wool or mineral wool on solid backing 50mm,0.3,0,0.8,0,0.95,0.9
Glass wool or mineral wool over air space on solid backing 25mm,0.4,0,0.8,0,0.9,0.8
Fibreglass super fine mat 50mm,0.15,0.4,0.75,0.85,0.8,0.85
Fibreglass scrim-covered sewn sheet 40mm,0.4,0.8,0.95,0.95,0.8,0.85
Fibreglass bitumen bonded mat 25mm,0.1,0.35,0.5,0.55,0.7,0.7
Fibreglass bitumen bonded mat 50mm,0.3,0.55,0.8,0.85,0.75,0.8
Fibreglass resin-bonded mat 25mm,0.1,0.35,0.55,0.65,0.75,0.8
Fibreglass resin-bonded mat 50mm,0.2,0.5,0.7,0.8,0.75,0.8
Fibreglass resin-bonded board 25mm,0.1,0.25,0.55,0.7,0.8,0.85
Flexible polyurethane foam 50mm,0.25,0.5,0.85,0.95,0.9,0.9
Rigid polyurethane foam 50mm,0.2,0.4,0.65,0.55,0.7,0.7
12mm expanded polystyrene on 45mm battens,0.05,0.15,0.4,0.35,0.2,0.2
25mm expanded polystyrene on 50mm battens,0.1,0.25,0.55,0.2,0.1,0.15
Cork tiles 25mm on solid backing,0.05,0.1,0.2,0.55,0.6,0.55
"Cork board, 25mm on solid backing",0.03,0.05,0.17,0.52,0.5,0.52
"Cork board, 25mm, 2.9kg/m2, on battens",0.15,0.4,0.65,0.35,0.35,0.3
Glass blocks or glazed tiles as wall finish,0.01,0,0.01,0,0.01,0.01
Muslin covered cotton feltm 25mm,0.15,0.45,0.7,0.85,0.95,0.85
Pin up boarding- medium hardboard on solid backing,0.05,0,0.1,0,0.1,0.1
Fibreboard on solid backing 12mm,0.05,0.1,0.15,0.25,0.3,0.3
"25mm thick hair felt, covered by scrim cloth on solid backing",0.1,0,0.7,0,0.8,0.8
Fibreboard on solid backing soft 12mm,0.05,0,0.15,0,0.3,0.3
Fibreboard on solid backing - painted,0.05,0,0.1,0,0.15,0.15
Fibreboard over airspace on solid wall 12mm,0.3,0,0.3,0,0.3,0.3
Fibreboard over airspace on solid wall - painted,0.3,0,0.15,0,0.1,0.1
"Plaster on lath, deep air space",0.2,0.15,0.1,0.05,0.05,0.05
"Plaster decorative panels, walls",0.2,0.15,0.1,0.08,0.04,0.02
Acoustic plaster to solid backing 25mm,0.03,0.15,0.5,0.8,0.85,0.8
9mm acoustic plaster to solid backing,0.02,0.08,0.3,0.6,0.8,0.9
"9mm acoustic plaster on plasterboard, 75mm airspace",0.3,0.3,0.6,0.8,0.75,0.75
12.5mm acoustic plaster on plaster backing over 75mm air space,0.35,0.35,0.4,0.55,0.7,0.7
"Woodwool slabs, unplastered on solid backing 25mm",0.1,0,0.4,0,0.6,0.6
"Woodwool slabs, unplastered on solid backing 50mm",0.1,0.2,0.45,0.8,0.6,0.75
"Woodwool slabs, unplastered on solid backing 75mm",0.2,0,0.8,0,0.8,0.8
"Woodwool slabs, unplastered over 20mm airspace on solid backing",0.15,0,0.6,0,0.6,0.7
Plasterboard backed with 25mm thick bitumen-bonded fibreglass on 50mm battens 10mm,0.3,0.2,0.15,0.05,0.05,0.05
Curtains hung in folds against soild wall,0.05,0.15,0.35,0.4,0.5,0.5
"Cotton Curtains (0.5kg/m2),draped to 75% area approx. 130mm from wall",0.3,0.45,0.65,0.56,0.59,0.71
Lightweight curtains (0.2 kg/m2) hung 90mm from wall,0.05,0.06,0.39,0.63,0.7,0.73
Curtains of close-woven glass mat hung 50mm from wall,0.03,0.03,0.15,0.4,0.5,0.5
"Curtains, medium velour, 50% gather, over soild backing",0.05,0.25,0.4,0.5,0.6,0.5
Curtains (medium fabrics) hung straight and close to wall,0.05,0,0.25,0,0.3,0.4
Curtains in folds against wall,0.05,0.15,0.35,0.4,0.5,0.5
Curtains ( medium fabrics ) double widths in folds spaced away from wall,0.1,0,0.4,0,0.5,0.6
"Acoustic banner, 0.5 kg/m2 wool serge, 100mm from wall",0.11,0.4,0.7,0.74,0.88,0.89
Smooth marble or terrazzo slabs,0.01,0.01,0.01,0.01,0.02,0.02
"Raised computer floor, steel-faced 45mm chipboard 800mm above concrete floor, no carpet",0.08,0.07,0.06,0.07,0.08,0.08
"Raised computer floor, steel-faced 45mm chipboard 800mm above concrete floor, office-grade carpet tiles",0.27,0.26,0.52,0.43,0.51,0.58
Wooden floor on joists,0.15,0.11,0.1,0.07,0.06,0.07
"Parquet fixed in asphalt, on concrete",0.04,0.04,0.07,0.06,0.06,0.07
Parquet on counterfloor,0.2,0.15,0.1,0.1,0.05,0.1
Linoleum or vinyl stuck to concrete,0.02,0.02,0.03,0.04,0.04,0.05
"Layer of rubber, cork, linoleum + underlay, or vinyl+underlay stuck to concrete",0.02,0.02,0.04,0.05,0.05,0.1
5mm needle-felt stuck to concrete,0.01,0.02,0.05,0.15,0.3,0.4
6mm pile carpet bonded to closed-cell foam underlay,0.03,0.09,0.25,0.31,0.33,0.44
6mm pile carpet bonded to open-cell foam underlay,0.03,0.09,0.2,0.54,0.7,0.72
"9mm pile carpet, tufted on felt underlay",0.08,0.08,0.3,0.6,0.75,0.8
Composition flooring,0.05,0.05,0.05,0.05,0.05,0.05
Haircord carpet on felt underlay 6mm,0.05,0.05,0.1,0.2,0.45,0.65
Medium pile carpet on sponge rubber underlay 10mm,0.5,0.1,0.3,0.5,0.65,0.7
Thick pile carpet on sponge rubber underlay 15mm,0.15,0.25,0.5,0.6,0.7,0.7
Rubber floor tiles 6mm,0.05,0.05,0.1,0.1,0.05,0.05
"Carpet, thin, over thin felt on concrete",0.1,0.15,0.25,0.3,0.3,0.3
"Carpet, thin, over thin felt on wood floor",0.2,0.25,0.3,0.3,0.3,0.3
"Carpet, needlepunch 5mm",0.03,0.05,0.05,0.25,0.35,0.5
"Stone floor, plain or tooled or granolithic finish",0.02,0,0.02,0,0.05,0.05
Corkfloor tiles 14mm,0,0.05,0.15,0.25,0.25,0
Sheet rubber ( hard ) 6mm,0,0.05,0.05,0.1,0.05,0
Woodblock/linoleum/rubber/cork tiles (thin) on solid floor (or wall),0.02,0.04,0.05,0.05,0.1,0.05
"Floor tiles, plastic or linoleum",0.03,0,0.03,0,0.05,0.05
Steel decking,0.13,0.09,0.08,0.09,0.11,0.11
Wood hollowcore door,0.3,0.25,0.15,0.1,0.1,0.07
Solid timber door,0.14,0.1,0.06,0.08,0.1,0.1
"Acoustic door, steel frame, double seals, absorbant in airspace, Double sheet steel skin.",0.35,0.39,0.44,0.49,0.54,0.57
"Mineral wool tiles, 180mm airspace",0.42,0.72,0.83,0.88,0.89,0.8
"Mineral wool tiles, glued/screwed to soffit",0.06,0.4,0.75,0.95,0.96,0.83
"Gypsum plaster tiles, 17% perforated, 22mm",0.45,0.7,0.8,0.8,0.65,0.45
"Metal ceiling, 32.5% perforated, backed by 30mm rockwool",0.12,0.45,0.87,0.98,1,1
"Perforated underside of structural steel decking (typical, depends on perforations)",0.3,0.7,0.85,0.9,0.7,0.65
"12% perforated plaster tiles, absorbent felt glued to back, 200mm ceiling void",0.45,0.7,0.88,0.52,0.42,0.35
"100mm woodwool slabs on 25mm cavity, pre-screeded surface facing cavity",0.5,0.75,0.85,0.65,0.7,0.7
"50mm woodwool slabs on 25mm cavity, pre-screeded surface facing cavity",0.3,0.4,0.5,0.85,0.5,0.65
"100mm woodwool fixed directly to concrete, pre-screeded surface facing backing",0.25,0.8,0.85,0.65,0.7,0.75
"75mm woodwool fixed directly to concrete, pre-screeded surface facing backing",0.15,0.4,0.95,0.6,0.7,0.6
Plasterboard 10mm thick backed with 25mm thick bitumen,0.3,0.2,0.15,0.05,0.05,0.05
"Plasterboard 10mm thick, perforated 8mm diameter holes 2755m2 14% open area backed with 25mm thick bitumen- bonded fibreglass on 90mm battens",0.25,0.7,0.85,0.55,0.4,0.3
"Plywood, 5mm, on battens 50mm airspace filled with glass wool",0.4,0.35,0.2,0.15,0.05,0.05
"Plywood, 12mm, with 30mm thick fibreglass backing between 30mm battens",0.4,0.2,0.15,0.1,0.1,0.05
Plywood 12mm thick perforated 5mm diameter holes 6200 m2 11% open area with 60mm deep air space behind,0.2,0.35,0.55,0.3,0.25,0.3
Plywood 12mm thick perforated 5mm diameter holes 6200 m2 11% open area backed with 60mm thick fibreglass between mounting battens,0.4,0.9,0.8,0.5,0.4,0.3
"Hardboard, 25% perforated over 50mm mineral wool",0.27,0.87,1,1,0.98,0.96
"0.8mm unperforated metal panels backed with 25mm thick resin bonded fibreglass, mounted on 22mm diameter pipes 135mm from wall.",0.5,0.35,0.15,0.05,0.05,0
0.8mm perforated metal tiles 2mm diameter holes 29440/m2. 13% open area backed with 25mm thick resin-bonded fibreglass slab. No airspace.,0.1,0.3,0.6,0.75,0.8,0.8
50mm mineral wool ( 96 kg/m3 ) behind 25% open area perforated steel.,0.2,0.35,0.65,0.85,0.9,0.8
"Wood panels, 18mm alternate 15mm slot & 35mm wooden slat",0.1,0.36,0.74,0.91,0.61,0.5
"25mm rockwool backing, 32mm airspace behind Plaster decorative panels, ceilings",0.2,0.22,0.18,0.15,0.15,0.16
"Children, standing (per child) in m2 units",0.12,0.22,0.37,0.4,0.42,0.37
"Children, seated in plastic or metal chairs (per child) in m2 units",0.28,0,0.33,0,0.37,0.37
Students seated in tablet arm chairs,0.3,0.41,0.49,0.84,0.87,0.84
Adults per person seated,0.33,0.4,0.44,0.45,0.45,0.45
Adults per person standing,0.15,0.38,0.42,0.43,0.45,0.45
Empty plastic or metal chairs (per chair) in m2 units,0.07,0,0.14,0,0.14,0.14
"Seats, leather covers, per m2",0.4,0.5,0.58,0.61,0.58,0.5
"Cloth-upholstered seats, per m2",0.44,0.6,0.77,0.89,0.82,0.7
"Floor and cloth-upholstered seats, per m2",0.49,0.66,0.8,0.88,0.82,0.7
Adults in plastic and metal chairs in m2 units,0.3,0,0.4,0,0.43,0.4
Adults in wooden or padded chairs or seats (per item) in m2,0.16,0,0.4,0,0.44,0.4
"Adults on timber seats, 1 per m2 per item",0.16,0.24,0.56,0.69,0.81,0.78
"Adults on timber seats, 2 per m2 per item",0.24,0.4,0.78,0.98,0.96,0.87
Wooden or padded chairs or seats (per item) in m2,0.08,0,0.15,0,0.18,0.2
"Seating, slighty upholstered, unoccupied",0.07,0.12,0.26,0.42,0.5,0.55
"Seating, slighty upholstered, occupied",0.32,0.62,0.74,0.76,0.81,0.9
Fully upholstered seats (per item) in m2,0.12,0,0.28,0,0.32,0.37
"Upholstered tip-up theatre seats, empty",0.33,0.51,0.64,0.71,0.77,0.81
"Areas with audience, orchestra, or seats, including narrow aisles",0.6,0.74,0.88,0.96,0.93,0.85
"Auditorium seat, unoccupied",0.13,0.33,0.59,0.58,0.61,0.62
"Auditorium seat, occupied",0.37,0.48,0.68,0.73,0.77,0.74
"Orchestra with instruments on podium, 1.5 m2 per person",0.27,0.53,0.67,0.93,0.87,0.8
Orchestral player with instrument (average) per person,0.37,0.8,1,1,1,1
Prosenium opening with average stage set per m2 of opening,0.2,0,0.3,0,0.4,0.5
Wood platform with large space beneath,0.4,0.3,0.2,0.17,0.15,0.1
Adult office furniture per desk,0.5,0.4,0.45,0.45,0.6,0.7
"Water surface, ie swimming pool",0.01,0.01,0.01,0.01,0.02,0.02
Ventilation grille per m2,0.6,0.6,0.6,0.6,0.6,0.6
Carpet,0.01,0.02,0.06,0.15,0.25,0.45
"Concrete (unpainted, rough finish)",0.01,0.02,0.04,0.06,0.08,0.1
Concrete (sealed or painted),0.01,0.01,0.02,0.02,0.02,0.02
Marble or glazed tile,0.01,0.01,0.01,0.01,0.02,0.02
Vinyl tile or linoleum on concrete,0.02,0.03,0.03,0.03,0.03,0.02
Wood parquet on concrete,0.04,0.04,0.07,0.06,0.06,0.07
Wood flooring on joists,0.15,0.11,0.1,0.07,0.06,0.07
"Benches (wooden, empty)",0.1,0.09,0.08,0.08,0.08,0.08
"Benches (wooden, 2/3 occupied)",0.37,0.4,0.47,0.53,0.56,0.53
"Benches (wooden, fully occupied)",0.5,0.56,0.66,0.76,0.8,0.76
"Benches (cushioned seats and backs, empty)",0.32,0.4,0.42,0.44,0.43,0.48
"Benches (cushioned seats and backs, 2/3 occupied)",0.44,0.56,0.65,0.72,0.72,0.67
"Benches (cushioned seats and backs, fully occupied)",0.5,0.64,0.76,0.86,0.86,0.76
"Theater seats (wood, empty)",0.03,0.04,0.05,0.07,0.08,0.08
"Theater seats (wood, 2/3 occupied)",0.34,0.21,0.28,0.53,0.56,0.53
"Theater seats (wood, fully occupied)",0.5,0.3,0.4,0.76,0.8,0.76
"Seats (fabric-upholsterd, empty)",0.49,0.66,0.8,0.88,0.82,0.7
"Seats (fabric-upholsterd, fully occupied)",0.6,0.74,0.88,0.96,0.93,0.85
Brick (natural),0.03,0.03,0.03,0.04,0.05,0.07
Brick (painted),0.01,0.01,0.02,0.02,0.02,0.03
Concrete block (coarse),0.36,0.44,0.31,0.29,0.39,0.25
Concrete block (painted),0.1,0.05,0.06,0.07,0.09,0.08
"Concrete (poured, rough finish, unpainted)",0.01,0.02,0.04,0.06,0.08,0.1
Doors (solid wood panels),0.1,0.07,0.05,0.04,0.04,0.04
"Glass (1/4? plate, large pane)",0.18,0.06,0.04,0.03,0.02,0.02
Glass (small pane),0.04,0.04,0.03,0.03,0.02,0.02
Plasterboard (12mm (1/2?) paneling on studs),0.29,0.1,0.06,0.05,0.04,0.04
"Plaster (gypsum or lime, on masonry)",0.01,0.02,0.02,0.03,0.04,0.05
"Plaster (gypsum or lime, on wood lath)",0.14,0.1,0.06,0.05,0.04,0.04
Plywood (3mm(1/8?) paneling over 31.7mm(1-1/4?) airspace),0.15,0.25,0.12,0.08,0.08,0.08
Plywood (3mm(1/8?) paneling over 57.1mm( 2-1/4?) airspace),0.28,0.2,0.1,0.1,0.08,0.08
Plywood (5mm(3/16?) paneling over 50mm(2?) airspace),0.38,0.24,0.17,0.1,0.08,0.05
"Plywood (5mm(3/16?) panel, 25mm(1?) fiberglass in 50mm(2?) airspace)",0.42,0.36,0.19,0.1,0.08,0.05
"Plywood (6mm(1/4?) paneling, airspace, light bracing)",0.3,0.25,0.15,0.1,0.1,0.1
"Plywood (10mm(3/8?) paneling, airspace, light bracing)",0.28,0.22,0.17,0.09,0.1,0.11
"Plywood (19mm(3/4?) paneling, airspace, light bracing)",0.2,0.18,0.15,0.12,0.1,0.1
"Drapery (10 oz/yd2, 340 g/m2, flat against wall)",0.04,0.05,0.11,0.18,0.3,0.35
"Drapery (14 oz/yd2, 476 g/m2, flat against wall)",0.05,0.07,0.13,0.22,0.32,0.35
"Drapery (18 oz/yd2, 612 g/m2, flat against wall)",0.05,0.12,0.35,0.48,0.38,0.36
"Drapery (14 oz/yd2, 476 g/m2, pleated 50%)",0.07,0.31,0.49,0.75,0.7,0.6
"Drapery (18 oz/yd2, 612 g/m2, pleated 50%)",0.14,0.35,0.53,0.75,0.7,0.6
Fiberglass board (25mm(1?) thick),0.06,0.2,0.65,0.9,0.95,0.98
Fiberglass board (50mm(2?) thick),0.18,0.76,0.99,0.99,0.99,0.99
Fiberglass board (75mm(3?) thick),0.53,0.99,0.99,0.99,0.99,0.99
Fiberglass board (100mm(4?) thick),0.99,0.99,0.99,0.99,0.99,0.97
Open brick pattern over 75mm(3?) fiberglass,0.4,0.65,0.85,0.75,0.65,0.6
Pageboard over 25mm(1?) fiberglass board,0.08,0.32,0.99,0.76,0.34,0.12
Pageboard over 50mm(2?) fiberglass board,0.26,0.97,0.99,0.66,0.34,0.14
Pageboard over 75mm(3?) fiberglass board,0.49,0.99,0.99,0.69,0.37,0.15
"Performated metal (13% open, over 50mm(2?) fiberglass)",0.25,0.64,0.99,0.97,0.88,0.92
Plasterboard (12mm(1/2?) in suspended ceiling grid),0.15,0.11,0.04,0.04,0.07,0.08
Underlay in perforated metal panels (25mm(1?) batts),0.51,0.78,0.57,0.77,0.9,0.79
"Metal deck (perforated channels,25mm(1?) batts)",0.19,0.69,0.99,0.88,0.52,0.27
"Metal deck (perforated channels, 75mm(3?) batts)",0.73,0.99,0.99,0.89,0.52,0.31
"Plaster (gypsum or lime, on masonary)",0.01,0.02,0.02,0.03,0.04,0.05
"Plaster (gypsum or lime, rough finish or timber lath)",0.14,0.1,0.06,0.05,0.04,0.04
Sprayed cellulose fiber (16mm(5/8?) on solid backing),0.05,0.16,0.44,0.79,0.9,0.91
Sprayed cellulose fiber (25mm(1?) on solid backing),0.08,0.29,0.75,0.98,0.93,0.76
Sprayed cellulose fiber (32mm(1-1/4?) on solid backing),0.1,0.3,0.73,0.92,0.98,0.98
Sprayed cellulose fiber (75mm(3?) on solid backing),0.7,0.95,1,0.85,0.85,0.9
Wood tongue-and-groove roof decking,0.24,0.19,0.14,0.08,0.13,0.1
People-adults (per 1/10 person),0.25,0.35,0.42,0.46,0.5,0.5
People-high school students (per 1/10 person,0.22,0.3,0.38,0.42,0.45,0.45
People-elementary students (per 1/10 person),0.18,0.23,0.28,0.32,0.35,0.35
Ventilating grilles,0.3,0.4,0.5,0.5,0.5,0.4
Water or ice surface,0.008,0.008,0.013,0.015,0.02,0.025
"Rough concrete (Bobran, 1973)",0.02,0.03,0.03,0.03,0.04,0.07
"Smooth unpainted concrete (Bobran, 1973)",0.01,0.01,0.02,0.02,0.02,0.05
"Smooth concrete, painted or glazed (Bobran, 1973)",0.01,0.01,0.01,0.02,0.02,0.02
"Concrete block, painted (Harris, 1991)",0.1,0.05,0.06,0.07,0.09,0.08
"Concrete block, with or without plaster, painted (Ref. Dalenback, CATT)",0.11,0.08,0.07,0.06,0.05,0.05
"Porous concrete blocks without surface finish, 400-800 kg/m3 (Kristensen, 1984)",0.05,0.05,0.05,0.08,0.14,0.2
"Clinker concrete, no surface finish, 800 kg/m3 (Kristensen, 1984)",0.1,0.2,0.4,0.6,0.5,0.6
"Concrete block, coarse (Harris, 1991)",0.36,0.44,0.31,0.29,0.39,0.25
"Concrete or terrazzo Ref. (Harris, 1991)",0.01,0.01,0.015,0.02,0.02,0.02
"Smooth brickwork with flush pointing, painted (Knudsen & Harris, 1950, 1978)",0.01,0.01,0.02,0.02,0.02,0.02
"Smooth brickwork with flush pointing (Bobran, 1973)",0.02,0.03,0.03,0.04,0.05,0.07
"Brick, unglazed (Harris, 1991)",0.03,0.03,0.03,0.04,0,0.07
"Brick, unglazed, painted (Harris, 1991)",0.01,0.01,0.02,0.02,0.02,0.03
"Brickwall, casted, with tapestry (Ref. Dalenback, CATT)",0.02,0.03,0.04,0.05,0.07,0.08
"Smooth brickwork, 10 mm deep pointing, pit sand mortar (Kristensen, 1984)",0.08,0.09,0.12,0.16,0.22,0.24
"Smooth brickwork, pointing 10 mm deep, every 3rd vertical joint 20 mm wide without mortar to 100m depth. In these holes 70 mm of mineral wool (Kristensen, 1984)",0.15,0.18,0.2,0.35,0.35,0.4
"55 mm perforated bricks on edge, 33 holes per brick, 23% perforation, over 70 mm cavity with 50 mm mineral wool (Petersen, 1983)",0.45,0.99,0.8,0.49,0.7,0.55
"55 mm perforated bricks on edge, 78 holes per brick, 11% perforation, over 50 mm cavity with 50 mm mineral wool (Ingerslev & Petersen, 1953)",0.48,0.77,0.38,0.27,0.65,0.35
"55 mm perforated bricks on edge, 78 holes per brick, 11% perforation, no cavity (Kristensen, 1984)",0.03,0.15,0.3,0.8,0.45,0.5
"Bricks with 19 holes, 60 mm thick, directly on concrete wall (Stroem, 1979)",0.14,0.28,0.45,0.9,0.45,0.65
"Bricks with 19 holes, 60 mm thick, 50 mm cavity with mineral wool (Stroem, 1979)",0.37,0.99,0.85,0.6,0.8,0.65
"Marble or glazed tile (Harris, 1991)",0.01,0.01,0.01,0.01,0.02,0.02
"Ceramic tiles. perforation = 5 %. Mineralwool in cavity (Stroem, 1979)",0.21,0.54,0.74,0.34,0.28,0.42
"Ceramic tiles. perforation = 12%. Mineralwool in cavity, (Stroem, 1979)",0.2,0.44,0.68,0.79,0.56,0.52
"Ceramic tiles. perforation = 20 %. Mineralwool in cavity (Stroem, 1979)",0.12,0.2,0.68,0.9,0.74,0.6
"Hollow wooden podium (Ref. Dalenback, CATT)",0.4,0.3,0.2,0.17,0.15,0.1
"Floating wooden floor (Ref. Dalenback, CATT)",0.1,0.07,0.05,0.06,0.06,0.06
"Wood parquet in asphalt on concrete ((Harris, 1991))",0.04,0.04,0.07,0.06,0.06,0.07
"Wooden floor on joists (Ingerslev, 1949)",0.15,0.11,0.1,0.07,0.06,0.07
"Parquet on counterfloor (Bobran, 1973)",0.2,0.15,0.1,0.1,0.05,0.1
"16-22 mm wood facing (tongue-and-groove or rabbeted) on frame over 50 mm cavity filled with mineral wool (Bobran, 1973)",0.25,0.15,0.1,0.09,0.08,0.07
"6 mm wood fibre board on laths, cavity >100 mm deep (Bobran, 1973)",0.3,0.2,0.2,0.1,0.05,0.05
"22 mm chipboard, 50 mm cavity filled with mineral wool (Bobran, 1973)",0.12,0.04,0.06,0.05,0.05,0.05
"3-4 mm asbestos or plywood sheets, >75 mm cavity with 25-50 mm mineral wool (Kristensen, 1984)",0.5,0.3,0.1,0.05,0.05,0.05
"4 mm asbestos or plywood boards fastened at random intervals (at least 0.4 * 0.6 m), over 75 mm cavity with 25 mm mineral wool (Kristensen, 1984)",0.55,0.3,0.1,0.05,0.05,0.05
"22 * 100 mm boards with 10 mm gaps, over 50 mm cavity with glass mat in front of mineral wool (Bobran, 1973)",0.05,0.25,0.6,0.15,0.05,0.1
"Plywood on battens fixed to solid backing (Ref. Dalenback, CATT)",0.3,0.2,0.15,0.13,0.1,0.08
"Thin plywood paneling (Ref. Dalenback, CATT)",0.42,0.21,0.1,0.08,0.06,0.06
"16 mm wood on 40 mm studs (Ref. Dalenback, CATT)",0.18,0.12,0.1,0.09,0.08,0.07
"Wood, 25 mm with air space (Ref. Dalenback, CATT)",0.19,0.14,0.09,0.06,0.06,0.05
"8 mm wood veneer on 50mm studs (Ref. Dalenback, CATT)",0.28,0.22,0.17,0.09,0.1,0.11
"3 mm wood veneer on 50 mm studs (Ref. Dalenback, CATT)",0.2,0.28,0.26,0.09,0.12,0.11
"Plywood paneling, 1 cm thick (Harris, 1991)",0.28,0.22,0.17,0.09,0.1,0.11
"Panel, 13 mm thick, without slots, on 30 mm studs with mineral wool",0.17,0.32,0.12,0.06,0.03,0.02
"Panel, 13 mm thick, 70 mm wide with 1 mm slots, on 30 mm studs with mineral wool (Stroem, 1979)",0.09,0.72,0.3,0.12,0.06,0.05
"Panel, 13 mm thick, 70 mm wide with 2 mm slots, on 30 mm studs with mineral wool (Stroem, 1979)",0.09,0.67,0.49,0.21,0.09,0.07
"Panel, 13 mm thick, 70 mm wide with 4 mm slots, on 30 mm studs with mineral wool (Stroem, 1979)",0.08,0.57,0.71,0.4,0.2,0.18
"Panel, 13 mm thick, 70 mm wide with 8 mm slots, on 30 mm studs with mineral wool (Stroem, 1979)",0.09,0.6,0.91,0.6,0.35,0.3
"Panel, 13 mm thick, 70 mm wide with 16 mm slots, on 30 mm studs with mineral wool (Stroem, 1979)",0.03,0.46,0.87,0.7,0.54,0.42
"Panel, 13 mm thick, 70 mm wide with 49 mm slots, on 30 mm studs with mineral wool (Stroem, 1979)",0.06,0.41,0.83,0.93,0.73,0.55
"Panel, 13 mm thick, 70 mm wide with 102 mm slots, on 30 mm studs with mineral wool",0.03,0.4,0.79,0.91,0.76,0.7
"Panel, 13 mm thick, 70 mm wide with 270 mm slots, on 30 mm studs with mineral wool",0.03,0.33,0.73,0.89,0.85,0.77
"Gustaf MDF-panel system (href= ""http://www.gustafs.com/__275"").",0.49333,0.68667,0.62667,0.43333,0.27333,0.18667
"Flex Acoustics AqFix panel system, dept of construction 70mm (href= ""http://www.flexac.com"").",0.6,0.14,0.08,0.08,0.08,0.08
"Lime cement plaster (Bobran, 1973)",0.02,0.02,0.03,0.04,0.05,0.05
"Glaze plaster (Bobran, 1973)",0.01,0.01,0.01,0.02,0.02,0.02
"Painted plaster surface (Kristensen, 1984)",0.02,0.02,0.02,0.02,0.02,0.02
"Plaster with wallpaper on backing paper (Bobran, 1973)",0.02,0.03,0.04,0.05,0.07,0.08
"Plaster, gypsum, or lime, rough finish on lath (Harris, 1991)",0.14,0.1,0.06,0.05,0.04,0.03
"Plaster, gypsum, or lime, smooth finish on lath (Harris, 1991)",0.14,0.1,0.06,0.04,0.04,0.03
"'Acoustic plaster' (Kristensen, 1984)",0.15,0.25,0.4,0.55,0.6,0.6
"Plasterboard on frame, 9.5 mm boards, 100 mm empty cavity (Fasold & Winkler, 1976)",0.11,0.13,0.05,0.03,0.02,0.03
"Plasterboard on frame, 9.5 mm boards, 100 mm cavity filled with mineral wool (Fasold & Winkler, 1976)",0.28,0.14,0.09,0.06,0.05,0.05
"Plasterboard on frame, 13 mm boards, 100 mm empty cavity (Fasold & Winkler, 1976)",0.08,0.11,0.05,0.03,0.02,0.03
"Plasterboard on frame, 13 mm boards, 100 mm cavity filled with mineral wool (Fasold & Winkler, 1976)",0.3,0.12,0.08,0.06,0.06,0.05
"2*13 mm plasterboard on steel frame, 50 mm mineral wool in cavity, surface painted (Petersen, 1983)",0.15,0.1,0.06,0.04,0.04,0.05
"gypsum board, 2 layers total 32 mm (Ref. Dalenback, CATT)",0.28,0.12,0.1,0.17,0.13,0.09
"13 mm plaster on 100 mm studs (Ref. Dalenback, CATT)",0.29,0.1,0.05,0.04,0.07,0.09
"13 mm plaster on 25 mm studs (no mineral wool) (Ref. Dalenback, CATT)",0.16,0.15,0.07,0.08,0.05,0.06
"30 mm plaster on metal lath (Ref. Dalenback, CATT)",0.14,0.1,0.06,0.05,0.04,0.03
"13 mm plaster on 25 mm studs (with mineral wool) (Ref. Dalenback, CATT)",0.26,0.2,0.1,0.07,0.04,0.07
"Plasterboard 9.5 mm with 6 mm o holes in square pattern with approx. 11% perforation. 100 mm from wall with 25 mm mineral wool at front of cavity (Kristensen, 1984)",0.08,0.2,0.5,0.4,0.4,0.35
"Slotted 13 mm gypsum board (12%), 106 x3 mm2 on studs and mineral wool (Ref. Dalenback, CATT)",0.2,0.22,0.71,0.99,0.55,0.42
"Perf. 13 mm gypsumboard (11%), d = 5 mm, on studs and mineral wool (Ref. Dalenback, CATT)",0.18,0.32,0.71,0.99,0.5,0.29
"Perf. 27 mm gypsumboard (16%), d = 4,5 mm 300mm from ceiling (Ref. Dalenback, CATT)",0.45,0.55,0.6,0.9,0.86,0.75
"Gyptone(href= ""http://gyptone.com"")",0.1,0.1,0.05,0.05,0,0.05
"Danoline Regula R. smooth gypsum plate with acoustic felt. suspended 50 mm (href= ""http://danoline.com"")",0.3,0.1,0.1,0.05,0.05,0.05
Steel trapez profile (Weighted values),0.3,0.25,0.2,0.1,0.1,0.15
"Viledon SoundTex. p = 15% Perf. alum.plate med 40 mm mineral wool. 350 mm suspended (href= ""http://viledon-akustik.de"")",0.6,0.62,0.77,0.74,0.65,0.81
"DAMPA 10 type N Aluminium plate. AL-21 akustic felt.(href= ""http://dampa.com"")0.06500",0.21333,0.44667,0.79,0.80333,0.575,0.575
"Linoleum or vinyl stuck to concrete (Petersen, 1983)",0.02,0.02,0.03,0.04,0.04,0.05
"Layer of rubber, cork, linoleum+underlay or vinyl+underlay stuck to concrete (Bobran, 1973)",0.02,0.02,0.04,0.05,0.05,0.1
"Linoleum on wooden floor (Ref. Dalenback, CATT)",0.15,0.12,0.11,0.1,0.07,0.08
"5 mm rubber carpet on concrete (Ref. Dalenback, CATT)",0.04,0.04,0.08,0.12,0.1,0.1
"Single microsorber - 0.1 mm perforated polyester cloth 30 mm from reflecting surface(href= ""http://www.microsorber.com/microsorber.htm"")",0.01,0.03,0.05,0.3,0.65,0.5
"Flex Acoustics, AqFlex portable fire retardent plastic tubes for large concert events total dept 700mm (href= ""http://www.flexac.com"")",0.5,0.5,0.5,0.3,0.2,0.1
"Needle felt 5mm stuck to concrete (Kristensen, 1984)",0.01,0.02,0.05,0.15,0.3,0.4
"6mm pile carpet bonded to closed-cell foam underlay (Parkin, Humphreys, & Cowell, 1979)",0.03,0.09,0.25,0.31,0.33,0.44
"6 mm pile carpet bonded to open-cell foam underlay (Parkin, Humphreys, & Cowell, 1979)",0.03,0.09,0.2,0.54,0.7,0.72
"9 mm tufted pile carpet on felt underlay (Parkin, Humphreys, & Cowell, 1979)",0.08,0.08,0.3,0.6,0.75,0.8
"Carpet heavy, on concrete (Harris, 1991)",0.02,0.06,0.14,0.37,0.6,0.65
"Carpet heavy, on hairfelt or foam rubber (Harris, 1991)",0.08,0.24,0.57,0.69,0.71,0.73
"Carpet heavy, with impermeable latex backing on hairfelt or foam rubber (Harris, 1991)",0.08,0.27,0.39,0.34,0.48,0.63
"10 mm soft carpet on concrete (Ref. Dalenback, CATT)",0.09,0.08,0.21,0.26,0.27,0.37
"Cotton curtains (0.5 kg/m2) draped to 3/4 area approx.   130 mm from wall (Petersen, 1983)",0.3,0.45,0.65,0.56,0.59,0.71
"Curtains (0.2 kg/m2) hung 90 mm from wall (Ingerslev & Petersen, 1953)",0.05,0.06,0.39,0.63,0.7,0.73
"Curtains of close-woven glass mat hung 50 mm from wall   (Kristensen, 1984)",0.03,0.03,0.15,0.4,0.5,0.5
"Drapes, light velour, hung straight, in contact with wall (Harris, 1991)",0.03,0.04,0.11,0.17,0.24,0.35
"Drapes, medium velour, draped to half area (Harris, 1991)",0.07,0.31,0.49,0.75,0.7,0.6
"Drapes, heavy velour (Harris, 1991)",0.14,0.35,0.55,0.72,0.7,0.65
"Curtains, cotton cloth (0.33 kg/m2) folded to 1/2 area (Ref. Dalenback, CATT)",0.07,0.31,0.49,0.81,0.66,0.54
"Curtains, cotton cloth (0.33 kg/m2) folded to 3/4 area (Ref. Dalenback, CATT)",0.04,0.23,0.14,0.57,0.53,0.4
"Curtains, cotton cloth (0.33 kg/m2) folded to 7/8 area (Ref. Dalenback, CATT)",0.03,0.12,0.15,0.27,0.37,0.42
"Curtains, densly woven window curtains 90mm from wall (Ref. Dalenback, CATT)",0.06,0.1,0.38,0.63,0.7,0.73
"Blinds in front of glass 45 degrees (Ref. Multiconsult, Norway)",0.18,0.08,0.14,0.22,0.37,0.34
"Water surface in swimming pool (Knudsen & Harris, 1950, 1978)",0.01,0.01,0.01,0.01,0.02,0.02
"Sand,100 mm thickness (Ref. Dalenback, CATT)",0.15,0.35,0.4,0.5,0.55,0.8
"Ballast or other crushed stone, 3.18 cm screened ballast 15.2 cm deep (Harris, 1991)",0.19,0.23,0.43,0.37,0.58,0.62
"Ballast or other crushed stone,  3.18 cm, 30.5 cm deep (Harris, 1991)",0.27,0.58,0.48,0.54,0.73,0.63
"Ballast or other crushed stone, 3.18 cm, 45.7 cm deep (Harris, 1991)",0.41,0.53,0.64,0.84,0.91,0.63
"Ballast or other crushed stone, 0.64 or less granite aggregate 15.2 deep (Harris, 1991)",0.22,0.64,0.7,0.79,0.88,0.72
"Floors, gravel, 100 mm thickness (Ref. Dalenback, CATT)",0.25,0.6,0.65,0.7,0.75,0.8
"Earth partly covered with concrete(Ref. Multiconsult, Norway)",0.4,0.5,0.55,0.6,0.7,0.8
"Solid glass blocks (Ref. Multiconsult, Norway)",0.02,0.02,0.02,0.02,0.02,0.02
"Single pane of glass (Ref. Multiconsult, Norway)",0.18,0.06,0.04,0.03,0.02,0.02
"Single pane of glass, 3 mm (Fasold & Winkler, 1976)",0.08,0.04,0.03,0.03,0.02,0.02
"Double glazing, 2-3 mm glass, 10 mm gap (Kristensen, 1984)",0.1,0.07,0.05,0.03,0.02,0.02
"Double glazing, 2-3 mm glass, >30 mm gap (Fasold & Winkler, 1976)",0.15,0.05,0.03,0.03,0.02,0.02
"Glass, large panes of heavy plate glass (Harris, 1991)",0.18,0.06,0.04,0.03,0.02,0.02
"Glass, ordinary window glass (Harris, 1991)",0.35,0.25,0.18,0.12,0.07,0.04
"Solid wooden door (Bobran, 1973)",0.14,0.1,0.06,0.08,0.1,0.1
"Canvas covering, from the danish stadium Parken (Ref. Ramboell, Denmark)",0.9,0.7,0.5,0.35,0.25,0.15
"Ventilation grille (approx. per sq. m.) (Kristensen, 1984)",0.6,0.6,0.6,0.6,0.6,0.6
"Open panel. opening area 20 % Panel 10 x 80 mm. 20 mm slits. 50 mm mineralwool (Ref. Multiconsult, Norway)",0.09991,0.39913,0.83936,0.63086,0.29891,0.11902
"Open panel. opening area 30 % Panel 10 x 70 mm. 30 mm slits. 50 mm mineralwool (Ref. Multiconsult, Norway)",0.097,0.37047,0.79909,0.78024,0.46381,0.21758
"Open panel. opening area 50 % Panel 10 x 50 mm. 50 mm slits. 50 mm mineralwool (Ref. Multiconsult, Norway)",0.09422,0.34374,0.72978,0.89314,0.73825,0.49007
"Open panel. opening area 50 % Panel 20 x 20 mm. 20 mm slits. 50 mm mineralwool (Ref. Multiconsult, Norway)",0.09474,0.34832,0.74339,0.88101,0.68571,0.4211
"(Example 10100-10199) S-LINE Office screen. wood Strict Line (href= ""http://www.sline.se/en/"")",0.02,0.2,0.7,1,0.9,0.7
"Orchestra with instruments on podium , 1.5 sq.m per person (Bobran, 1973)",0.27,0.53,0.67,0.93,0.87,0.8
"Areas with audience, orchestra or choir including narrow aisles (Bobran, 1973)",0.6,0.74,0.88,0.96,0.93,0.85
"Floor with cloth-upholstered seats (Bobran, 1973)",0.49,0.66,0.8,0.88,0.82,0.7
"Audience on wooden chairs, 1 per sq. m (Meyer, Kunstmann, & Kuttruff, 1964)",0.16,0.24,0.56,0.69,0.81,0.78
"Audience on wooden chairs, 2 per sq. m (Meyer, Kunstmann, & Kuttruff, 1964)",0.24,0.4,0.78,0.98,0.96,0.87
"Empty chairs, upholstered with leather cover (Beranek, 1962)",0.4,0.5,0.58,0.61,0.58,0.5
"Empty chairs, upholstered with cloth cover (Beranek, 1962)",0.44,0.6,0.77,0.89,0.82,0.7
"Audience, heavily upholstered seats (Beranek & Hidaka, 1998, group 1)",0.72,0.8,0.86,0.89,0.9,0.9
"Audience, medium upholstered seats (Beranek & Hidaka, 1998, group 2)",0.62,0.72,0.8,0.83,0.84,0.85
"Audience, lightly upholstered seats (Beranek & Hidaka, 1998, group 3)",0.51,0.64,0.75,0.8,0.82,0.83
"Chairs, unoccupied moderatelly upholstered chairs (0.90 m x 0.55 m) (Ref. Dalenback, CATT)",0.44,0.56,0.67,0.74,0.83,0.87
"Chairs, unoccupied average cloth-covered well upholstered areaes (seats with perforated bottoms) (Ref. Dalenback, CATT)",0.49,0.66,0.8,0.88,0.82,0.7
"1Chairs, heavily upholstered concert hall chairs, average. (Ref. Dalenback, CATT)",0.72,0.79,0.83,0.84,0.83,0.79
"Chairs, lightly upholstered concert hall chairs, average. (Ref. Dalenback, CATT)",0.35,0.45,0.57,0.61,0.59,0.55
"Chairs, medium upholstered concert hall chairs, average. (Ref. Dalenback, CATT)",0.56,0.64,0.7,0.72,0.68,0.62
"Mineral spray-on materials, 1.27 cm mineral fiber (Harris, 1991)",0.05,0.15,0.45,0.7,0.8,0.8
"Mineral spray-on materials, 1.9 cm mineral fiber (Harris, 1991)",0.1,0.3,0.6,0.9,0.9,0.95
"Mineral spray-on materials, 2.5 cm mineral fiber (Harris, 1991)",0.16,0.45,0.7,0.9,0.9,0.85
"Mineral spray-on materials, 1.27 cm mineral fiber on metal lath, 2.54 cm airspace (Harris, 1991)",0.25,0.5,0.8,0.9,0.9,0.85
"50 mm mineral wool (40 kg/m3), glued to wall, untreated surface (Kristensen, 1984)",0.15,0.7,0.6,0.6,0.85,0.9
"50 mm mineral wool (40 kg/m3), glued to wall, surface sprayed with thin plastic solution (Kristensen, 1984)",0.15,0.7,0.6,0.6,0.75,0.75
"50 mm mineral wool (70 kg/m3) 300 mm in front of wall (Kristensen, 1984)",0.7,0.45,0.65,0.6,0.75,0.65
"Rockfon (href= ""http://www.rockfon.com/sw2601.asp"")",0.45,0.5,0.55,0.65,0.7,0.65
"Ecophon (href= ""http://www.ecophon.com/"")",0.15,0.5,0.95,1,0.95,0.85
"OWA Acoustic Harmony. Kant A C og F6 15 mm hardpresset mineralfiberplate. 200 mm utforing (href= ""http://suspended-ceiling-systems.co.uk"")",0.45,0.61,0.64,0.75,0.91,0.91
"USG Auratone Favia 15 mm vatpresset mineralfiberplate. 200 mm utforing  (href= ""http://usg.com"")",0.45,0.6,0.6,0.8,0.8,0.65
"AMF Star (Thermatex) 15 mm hardly compressed mineralfiberplate(href= ""http://amfceilings.co.uk"")",0.34,0.43,0.54,0.67,0.65,0.64
"50 mm wood-wool set in mortar (Kristensen, 1984)",0.08,0.17,0.35,0.45,0.65,0.65
"25 mm thick wood-wool, against ceiling (Ref. Dalenback, CATT)",0.05,0.21,0.59,0.83,0.87,0.91
"50 mm thick wood-wool, against ceiling (Ref. Dalenback, CATT)",0.15,0.56,0.88,0.99,0.99,0.95
"100 mm thick wood-wool, against ceiling (Ref. Dalenback, CATT)",0.58,0.69,0.96,0.97,0.99,0.91
"25 mm thick wood-wool, 200 mm from ceiling (Ref. Dalenback, CATT)",0.48,0.49,0.7,0.78,0.94,0.93
"50 mm thick wood-wool, 200 mm from ceiling (Ref. Dalenback, CATT)",0.49,0.63,0.83,0.97,0.99,0.96
"100 mm  thick wood-wool, 200 mm from ceiling (Ref. Dalenback, CATT)",0.49,0.64,0.89,0.98,0.99,0.96
"Treullit Akustikk Discrete 20. Dunisil-covered backside 20 mm plate. (href= ""http://www.cembrit.com"")",0.02,0.17,0.5,0.65,0.72,0.75
"Trolltex Anti fire. p = 19.5 % Perforated woodfiber plate. 50 mm mineral woll matt with 135 mm cavity behind (href= ""http://erhverv.lhammerich.dk/sw239.asp"")",0.7,0.86333,0.77333,0.54333,0.21667,0.20667
"Barrisol Microacoustics Microperforated panel 120mm cavity with 40mm min. wool (href= ""http://www.barrisol.com"")",0.2,0.57,0.99,0.82,0.76,0.7
"Sonogamma Modulator 250Hz slit absorper with diffusive effects, thicknes 100 mm (href= ""http://www.sonogamma.com"")",0.24,0.89,0.37,0.18,0.07,0.14
"Deweton acoustic plate Type A (Helmholtz-resonator), 25 mm dick,  11 kg/m^2, visual slits 4 mm wide with 34 mm distance. mineral wool behind. Montage: 24 mm laths. distance to wall 30 mm. (href= ""http://www.tavapan.ch/tavapan"")",0.22,0.72,0.53,0.42,0.62,0.55
"Brick, unglazed ",0.02,0.02,0.03,0.04,0.05,0.07
"Brick, unglazed and painted ",0.01,0.01,0.02,0.02,0.02,0.03
"Concrete, tough ",0.01,0.02,0.04,0.06,0.08,0.1
"Concrete block, painted ",0.1,0.05,0.06,0.07,0.09,0.08
"Glass, heavy (large panes) ",0.18,0.06,0.04,0.03,0.02,0.02
"Glass, ordinary window ",0.35,0.25,0.18,0.12,0.07,0.04
"Gypsum board, 1/2 in thick (nailed to 2 x 4s, 16 in oc) ",0.29,0.1,0.05,0.04,0.07,0.09
"Gypsum board, 1 layer, 5/8 in think (screwed to 1 x 3s, 16 in oc with airspaces filed with fibrous insulation) ",0.55,0.14,0.08,0.04,0.12,0.11
Construction no. 8 with 2 layers of 5/8-in-thick gypsum board) ,0.28,0.12,0.1,0.07,0.13,0.09
marble or glazed title ,0.01,0.01,0.01,0.01,0.02,0.02
Plaster on brick ,0.01,0.02,0.02,0.03,0.04,0.05
Plaster on concrete block (or 1 in thick on lath) ,0.12,0.09,0.07,0.05,0.05,0.04
Plaster on lath ,0.14,0.1,0.06,0.05,0.04,0.03
"Plywood, 3/8-in paneling ",0.28,0.22,0.17,0.09,0.1,0.11
Steel ,0.05,0.1,0.1,0.1,0.07,0.02
"Venetian blinds, metal ",0.06,0.05,0.07,0.15,0.13,0.17
"Wood, 1/4-in paneling, with airspace behind ",0.42,0.21,0.1,0.08,0.06,0.06
"Wood, 1-in paneling with airspace behind ",0.19,0.14,0.09,0.06,0.06,0.05
"Concrete block, coarse ",0.36,0.44,0.31,0.29,0.39,0.25
"Lightweight drapery, 10 oz/yd2, flat on wall (Note: Sound-reflecting at most frequencies.) ",0.03,0.04,0.11,0.17,0.24,0.35
"Mediumweight drapery, 14 oz/yd2, draped to half area (i.e., 2 ft of drapery to 1 ft of wall) ",0.07,0.31,0.49,0.75,0.7,0.6
"Heavyweight drapery, 18 oz/yd2, draped to half area ",0.14,0.35,0.55,0.72,0.7,0.65
"Fiberglass fabric curtain, 8 1/2 oz/yd2, draped to half area (Note: The deeper the airspace behind the drapery (up to 12 in), the greater the low-frequency absorption.) ",0.09,0.32,0.68,0.83,0.39,0.76
"Shredded-wood fiberboard, 2 in thick on concrete (mtg. A) ",0.15,0.26,0.62,0.94,0.64,0.92
"Thick, fibrous material behind open facing ",0.6,0.75,0.82,0.8,0.6,0.38
"Carpet, heavy, on 5/8-in perforated mineral fiberboard with airspace behind ",0.37,0.41,0.63,0.85,0.96,0.92
"Wood, 1/2-in paneing, perforated 3/16-in-diameter holes, 11% open area, with 2 1/2-in glass fiber in airspace behind ",0.4,0.9,0.8,0.5,0.4,0.3
Concrete or terazzo ,0.01,0.01,0.02,0.02,0.02,0.02
"Linoleum, rubber, or asphalt title on concrete ",0.02,0.03,0.03,0.03,0.03,0.02
Marble or glazed tile ,0.01,0.01,0.01,0.01,0.02,0.02
Wood ,0.15,0.11,0.1,0.07,0.06,0.07
Wood parquet on concrete ,0.04,0.04,0.07,0.06,0.06,0.07
"Carpet, heavy, on concrete ",0.02,0.06,0.14,0.37,0.6,0.65
"Carpet, heavy, on foam rubber ",0.08,0.24,0.57,0.69,0.71,0.73
"Carpet, heavy, with impermeable latex backing on foam rubber ",0.08,0.27,0.39,0.34,0.48,0.63
Indoor-outdoor carpet ,0.01,0.05,0.1,0.2,0.45,0.65
Concrete ,0.01,0.01,0.02,0.02,0.02,0.02
"Gypsum board, 1/2 in thick ",0.29,0.1,0.05,0.04,0.07,0.09
"Gypsum board, 1/2 in thick, in suspension system ",0.15,0.1,0.05,0.04,0.07,0.09
Plaster on lath ,0.14,0.1,0.06,0.05,0.04,0.03
"Plywood, 3/8 in thick ",0.28,0.22,0.17,0.09,0.1,0.11
"Acoustical board, 3/4 in thick, in suspension system (mtg. E) ",0.76,0.93,0.83,0.99,0.99,0.94
"Shredded-wood fiberboard, 2 in thick on lay-in grid (mtg. E) ",0.59,0.51,0.53,0.73,0.88,0.74
"Thin, porous sound-absorbing material, 3/4 in thick (mtg. B) ",0.1,0.6,0.8,0.82,0.78,0.6
"Thick, porous sound-absorbing material, 2 in thick (mtg. B), or thin material with airspace behind (mtg. D) ",0.38,0.6,0.78,0.8,0.78,0.7
"Sprayed cellulose fibers, 1 in thick on concrete (mtg. A) ",0.08,0.29,0.75,0.98,0.93,0.76
"Glass-fiber roof fabric, 12 oz/yd2 ",0.65,0.71,0.82,0.86,0.76,0.62
"Glass-fiber roof fabric, 37 1/2 oz/yd2 (Note:Sound-reflecting at most frequencies.) ",0.38,0.23,0.17,0.15,0.09,0.06
"Polyurethane foam, 1 in thick, open cell, reticulated ",0.07,0.11,0.2,0.32,0.6,0.85
"Parallel glass-fiberboard panels, 1 in thick by 18 in deep, spaced 18 in apart, suspended 12 in below ceiling ",0.07,0.2,0.4,0.52,0.6,0.67
"Fabric well-upholstered seats, with perforated seat pans, unoccupied ",0.19,0.37,0.56,0.67,0.61,0.59
"Leather-covered upholstered seats, unoccupied ",0.44,0.54,0.6,0.62,0.58,0.5
"Audience, seated in upholstered seats ",0.39,0.57,0.8,0.94,0.92,0.87
"Congregation, seated in wooden pews ",0.57,0.61,0.75,0.86,0.91,0.86
"Chair, metal or wood seat, unoccupied ",0.15,0.19,0.22,0.39,0.38,0.3
"Students, informally dressed, seated in tablet-arm chairs 0.30 ",0.3,0.41,0.49,0.84,0.87,0.84
"Gravel, loose and moist, 4 in thick ",0.25,0.6,0.65,0.7,0.75,0.8
"Grass, marion bluegrass, 2 in high ",0.11,0.25,0.6,0.69,0.92,0.99
"Snow, freshly fallen, 4 in thick ",0.45,0.75,0.9,0.95,0.95,0.95
"Soil, rough ",0.15,0.25,0.4,0.55,0.6,0.6
"Trees, balsam firs, 20 ft2 ground area per tree, 8 ft high 0.03 ",0.03,0.06,0.11,0.17,0.27,0.31
Water surface (swimming pool) ,0.01,0.01,0.01,0.02,0.02,0.03
"Walls, hard surfaces average (brick walls, plaster, hard floors, etc.)",0.02,0.02,0.03,0.03,0.04,0.05
"Walls, rendered brickwork",0.01,0.02,0.02,0.03,0.03,0.04
Rough concrete,0.02,0.03,0.03,0.03,0.04,0.07
Smooth unpainted concrete,0.01,0.01,0.02,0.02,0.02,0.05
Rough lime wash,0.02,0.03,0.04,0.05,0.04,0.03
"Smooth brickwork with flush pointing, painted",0.01,0.01,0.02,0.02,0.02,0.02
"Smooth brickwork, 10 mm deep pointing, pit sand mortar",0.08,0.09,0.12,0.16,0.22,0.24
"Brick wall, stuccoed with a rough finish",0.03,0.03,0.03,0.04,0.05,0.07
Ceramic tiles with a smooth surface,0.01,0.01,0.01,0.02,0.02,0.02
Limestone walls,0.02,0.02,0.03,0.04,0.05,0.05
Reverberation chamber walls,0.01,0.01,0.01,0.02,0.02,0.04
Concrete floor,0.01,0.03,0.05,0.02,0.02,0.02
Marble floor,0.01,0.01,0.01,0.02,0.02,0.02
"2 * 13 mm plasterboard on steel frame, 50 mm mineral wool in cavity, surface painted",0.15,0.1,0.06,0.04,0.04,0.05
"Wooden lining, 12 mm fixed on frame",0.27,0.23,0.22,0.15,0.1,0.07
"Single pane of glass, 3 mm",0.08,0.04,0.03,0.03,0.02,0.02
"Glass window, 0.68 kg/m2",0.1,0.05,0.04,0.03,0.03,0.03
Lead glazing,0.3,0.2,0.14,0.1,0.05,0.05
"Double glazing, 2-3 mm glass, > 30 mm gap",0.15,0.05,0.03,0.03,0.02,0.02
"Double glazing, 2-3 mm glass, 10 mm gap",0.1,0.07,0.05,0.03,0.02,0.02
"Double glazing, lead on the inside",0.15,0.3,0.18,0.1,0.05,0.05
"Wood, 1.6 cm thick, on 4 cm wooden planks",0.18,0.12,0.1,0.09,0.08,0.07
Thin plywood panelling,0.42,0.21,0.1,0.08,0.06,0.06
16 mm wood on 40 mm studs,0.18,0.12,0.1,0.09,0.08,0.07
"Audience floor, 2 layers, 33 mm on sleepers over concrete",0.09,0.06,0.05,0.05,0.05,0.04
"Wood, stage floor, 2 layers, 27 mm over airspace",0.1,0.07,0.06,0.06,0.06,0.06
Solid wooden door,0.14,0.1,0.06,0.08,0.1,0.1
"Linoleum, asphalt, rubber, or cork tile on concrete",0.02,0.03,0.03,0.03,0.03,0.02
Cotton carpet,0.07,0.31,0.49,0.81,0.66,0.54
"Loop pile tufted carpet, 1.4 kg/m2, 9.5 mm pile height: On hair pad, 3.0 kg/m2",0.1,0.4,0.62,0.7,0.63,0.88
"Thin carpet, cemented to concrete",0.02,0.04,0.08,0.2,0.35,0.4
6 mm pile carpet bonded to closed-cell foam underlay,0.03,0.09,0.25,0.31,0.33,0.44
6 mm pile carpet bonded to open-cell foam underlay,0.03,0.09,0.2,0.54,0.7,0.72
9 mm tufted pile carpet on felt underlay,0.08,0.08,0.3,0.6,0.75,0.8
Needle felt 5 mm stuck to concrete,0.02,0.02,0.05,0.15,0.3,0.4
10 mm soft carpet on concrete,0.09,0.08,0.21,0.26,0.27,0.37
Hairy carpet on 3 mm felt,0.11,0.14,0.37,0.43,0.27,0.25
5 mm rubber carpet on concrete,0.04,0.04,0.08,0.12,0.1,0.1
"Carpet 1.35 kg/m2, on hair felt or foam rubber",0.08,0.24,0.57,0.69,0.71,0.73
"Cocos fibre roll felt, 29 mm thick (unstressed), reverse side clad with paper, 2.2 kg/m2, 2 Rayl",0.1,0.13,0.22,0.35,0.47,0.57
Cotton curtains (0.5 kg/m2) draped to 3/4 area approx. 130 mm from wall,0.3,0.45,0.65,0.56,0.59,0.71
Curtains (0.2 kg/m2) hung 90 mm from wall,0.05,0.06,0.39,0.63,0.7,0.73
Cotton cloth (0.33 kg/m2) folded to 7/8 area,0.03,0.12,0.15,0.27,0.37,0.42
Densely woven window curtains 90 mm from wall,0.06,0.1,0.38,0.63,0.7,0.73
"Vertical blinds, 15 cm from wall, half opened",0.03,0.09,0.24,0.46,0.79,0.76
"Vertical blinds, 15 cm from wall, open",0.03,0.06,0.13,0.28,0.49,0.56
Tight velvet curtains,0.05,0.12,0.35,0.45,0.38,0.36
"Curtain fabric, 15 cm from wall",0.1,0.38,0.63,0.52,0.55,0.65
"Curtain fabric, folded, 15 cm from wall",0.12,0.6,0.98,1,1,1
Curtains of close-woven glass mat hung 50 mm from wall,0.03,0.03,0.15,0.4,0.5,0.5
"Studio curtains, 22 cm from wall",0.36,0.26,0.51,0.45,0.62,0.76
Wooden chairs without cushion  (2 seats per m2),0.05,0.08,0.1,0.12,0.12,0.12
Unoccupied plastic chairs  (2 seats per m2),0.06,0.1,0.1,0.2,0.3,0.2
"Medium upholstered concert chairs, empty  (2 seats per m2)",0.49,0.66,0.8,0.88,0.82,0.7
"Heavily upholstered seats, unoccupied  (2 seats per m2)",0.7,0.76,0.81,0.84,0.84,0.81
"Empty chairs, upholstered with cloth cover  (2 seats per m2)",0.44,0.6,0.77,0.89,0.82,0.7
"Empty chairs, upholstered with leather cover  (2 seats per m2)",0.4,0.5,0.58,0.61,0.58,0.5
"Unoccupied, moderately upholstered chairs (0.90 m x 0.55 m)  (2 seats per m2)",0.44,0.56,0.67,0.74,0.83,0.87
"Areas with audience, orchestra or choir including narrow aisles",0.6,0.74,0.88,0.96,0.93,0.85
"Audience on wooden chairs, 1 per m2",0.16,0.24,0.56,0.69,0.81,0.78
"Audience on wooden chairs, 2 per m2",0.24,0.4,0.78,0.98,0.96,0.87
"Orchestra with instruments on podium, 1.5 m2 per person",0.27,0.53,0.67,0.93,0.87,0.8
"Audience area, 0.72 persons / m2",0.1,0.21,0.41,0.65,0.75,0.71
"Audience area, 1 person / m2",0.16,0.29,0.55,0.8,0.92,0.9
"Audience area, 1.5 persons / m2",0.22,0.38,0.71,0.95,0.99,0.99
"Audience area, 2 persons / m2",0.26,0.46,0.87,0.99,0.99,0.99
"Audience in moderately upholstered chairs 0,85 m x 0,63 m",0.72,0.82,0.91,0.93,0.94,0.87
"Audience in moderately upholstered chairs 0,90 m x 0,55 m",0.55,0.86,0.83,0.87,0.9,0.87
"Fabric-covered panel, 6 pcf rockwool core",0.46,0.93,1,1,1,1
"Fabric-covered panel, 8 pcf rockwool core",0.21,0.66,1,1,0.97,0.98
"Facing-brick brickwork, open butt joins, brick dimensions 230 x 50 x 55 mm",0.04,0.14,0.49,0.35,0.31,0.36
"Acoustical plaster, approx. 25 mm thick, 3.5 kg/m2/cm",0.17,0.36,0.66,0.65,0.62,0.68
"Rockwool thickness = 50 mm, 80 kg/m3",0.22,0.6,0.92,0.9,0.88,0.88
"Rockwool thickness = 50 mm, 40 kg/m3",0.23,0.59,0.86,0.86,0.86,0.86
"50 mm mineral wool (40 kg/m3), glued to wall, untreated surface",0.15,0.7,0.6,0.6,0.85,0.9
50 mm mineral wool (70 kg/m3) 300 mm in front of wall,0.7,0.45,0.65,0.6,0.75,0.65
"Gypsum board, perforation 19.6%, hole diameter 15 mm, backed by fibrous web 12 Rayl, 100 mm cavity filled with mineral fibre mat 1,05 kg/m2, 7,5 Rayl",0.3,0.69,1,0.81,0.66,0.62
"Perforated veneered chipboard, 50 mm, 1 mm holes, 3 mm spacing, 9% hole surface ratio, 150 mm cavity filled with 30 mm mineral wool",0.41,0.67,0.58,0.59,0.68,0.35
"Fibre absorber, mineral fibre, 20 mm thick, 3.4 kg/m2, 50 mm cavity",0.2,0.56,0.82,0.87,0.7,0.53
"Fibre absorber, mats of porous flexible fibrous web fabric, self-extinguishing",0.07,0.07,0.2,0.41,0.75,0.97
Plasterboard ceiling on battens with large air-space above,0.2,0.15,0.1,0.08,0.04,0.02
"Fibre absorber on perforated sheet metal cartridge, 0,5 mm zinc-plated steel, 1.5 mm hole diameter, 200 mm cavity filled with 20 mm mineral wool (20 kg/m3), inflammable",0.48,0.97,1,0.97,1,1
Fissured ceiling tile,0.49,0.53,0.53,0.75,0.92,0.99
"Perforated 27 mm gypsum board (16%), d = 4,5 mm, 300 mm from ceiling",0.45,0.55,0.6,0.9,0.86,0.75
"Wedge-shaped, melamine foam, ceiling tile",0.12,0.33,0.83,0.97,0.98,0.95
"Metal panel ceiling, backed by 20 mm Sillan acoustic tiles, panel width 85 mm, panel spacing 15 mm, cavity 35 cm",0.59,0.8,0.82,0.65,0.27,0.23
"Microperforated foil ""Microsorber"" (Kaefer)",0.06,0.28,0.7,0.68,0.74,0.53
"Microperforated glass sheets, 5 mm cavity",0.1,0.45,0.85,0.3,0.1,0.05
"Hanging absorber panels (foam), 400 mm depth, 400 mm distance",0.25,0.45,0.8,0.9,0.85,0.8
"Hanging absorber panels (foam), 400 mm depth, 700 mm distance",0.2,0.3,0.6,0.75,0.7,0.7
